CANCER_TYPE,ONCOTREE_CODE,cancerAnalyzed
Breast Sarcoma,BLPT,Breast Cancer
Breast Sarcoma,FA,Breast Cancer
Leukemia,AMLRBM15MKL1,Hematologic Cancer-Myeloid
Mature B-Cell Neoplasms,MGUSIGA,Hematologic Cancer-Lymphoid
Mature B-Cell Neoplasms,PTFL,Hematologic Cancer-Lymphoid
Mature T and NK Neoplasms,LYP,Hematologic Cancer-Lymphoid
Posttransplant Lymphoproliferative Disorders,PPTLD,Hematologic Cancer-Lymphoid
Sialoblastoma,SBL,Rare Cancer
Bladder Cancer,BLAD,Bladder Cancer
Bladder Cancer,BLCA,Bladder Cancer
Bladder Cancer,BLSC,Bladder Cancer
Bladder Cancer,IMTB,Bladder Cancer
Bladder Cancer,IUP,Bladder Cancer
Bladder Cancer,SCB,Bladder Cancer
Bladder Cancer,SCBC,Bladder Cancer
Bladder Cancer,SRCBC,Bladder Cancer
Bladder Cancer,UA,Bladder Cancer
Bladder Cancer,UAD,Bladder Cancer
Bladder Cancer,UCA,Bladder Cancer
Bladder Cancer,UCU,Bladder Cancer
Bladder Cancer,UPA,Bladder Cancer
Bladder Cancer,URCA,Bladder Cancer
Bladder Cancer,USCC,Bladder Cancer
Bladder Cancer,UTUC,Bladder Cancer
Bladder/Urinary Tract Cancer,BLADDER,Bladder Cancer
Colorectal Cancer,CAIS,Bowel Cancer-Colorectal
Colorectal Cancer,CMC,Bowel Cancer-Colorectal
Colorectal Cancer,COAD,Bowel Cancer-Colorectal
Colorectal Cancer,COADREAD,Bowel Cancer-Colorectal
Colorectal Cancer,MACR,Bowel Cancer-Colorectal
Colorectal Cancer,READ,Bowel Cancer-Colorectal
Colorectal Cancer,SRCCR,Bowel Cancer-Colorectal
Anal Cancer,AGA,Bowel Cancer-Other
Anal Cancer,ANSC,Bowel Cancer-Other
Appendiceal Cancer,APAD,Bowel Cancer-Other
Appendiceal Cancer,CTAAP,Bowel Cancer-Other
Appendiceal Cancer,GCCAP,Bowel Cancer-Other
Appendiceal Cancer,LAMN,Bowel Cancer-Other
Appendiceal Cancer,MAAP,Bowel Cancer-Other
Appendiceal Cancer,SRAP,Bowel Cancer-Other
Bowel Cancer,BOWEL,Bowel Cancer-Other
Gastrointestinal Neuroendocrine Tumor,AWDNET,Bowel Cancer-Other
Gastrointestinal Neuroendocrine Tumor,GINET,Bowel Cancer-Other
Gastrointestinal Neuroendocrine Tumor,HGNEC,Bowel Cancer-Other
Gastrointestinal Neuroendocrine Tumor,RWDNET,Bowel Cancer-Other
Gastrointestinal Neuroendocrine Tumor,SBWDNET,Bowel Cancer-Other
Gastrointestinal Neuroendocrine Tumor,SWDNET,Bowel Cancer-Other
Small Bowel Cancer,DA,Bowel Cancer-Other
Small Bowel Cancer,SBC,Bowel Cancer-Other
Small Bowel Cancer,SIC,Bowel Cancer-Other
Tubular Adenoma of the Colon,TAC,Bowel Cancer-Other
Breast Cancer,ACBC,Breast Cancer
Breast Cancer,BNNOS,Breast Cancer
Breast Cancer,BRAME,Breast Cancer
Breast Cancer,BRCA,Breast Cancer
Breast Cancer,BRCANOS,Breast Cancer
Breast Cancer,BRCNOS,Breast Cancer
Breast Cancer,BREAST,Breast Cancer
Breast Cancer,BRSRCC,Breast Cancer
Breast Cancer,CCHM,Breast Cancer
Breast Cancer,COM,Breast Cancer
Breast Cancer,CSNOS,Breast Cancer
Breast Cancer,DCIS,Breast Cancer
Breast Cancer,EMBC,Breast Cancer
Breast Cancer,IBC,Breast Cancer
Breast Cancer,IDC,Breast Cancer
Breast Cancer,ILC,Breast Cancer
Breast Cancer,IMMC,Breast Cancer
Breast Cancer,JSCB,Breast Cancer
Breast Cancer,LCIS,Breast Cancer
Breast Cancer,MASC,Breast Cancer
Breast Cancer,MASCC,Breast Cancer
Breast Cancer,MBC,Breast Cancer
Breast Cancer,MCS,Breast Cancer
Breast Cancer,MDLC,Breast Cancer
Breast Cancer,MMBC,Breast Cancer
Breast Cancer,MSCC,Breast Cancer
Breast Cancer,PD,Breast Cancer
Breast Cancer,SPC,Breast Cancer
Breast Sarcoma,BA,Breast Cancer
Breast Sarcoma,BFN,Breast Cancer
Breast Sarcoma,BPT,Breast Cancer
Breast Sarcoma,MPT,Breast Cancer
Breast Sarcoma,PBS,Breast Cancer
Breast Sarcoma,PT,Breast Cancer
Glioma,AASTR,CNS or Brain Cancer-Glioma
Glioma,AGNG,CNS or Brain Cancer-Glioma
Glioma,AOAST,CNS or Brain Cancer-Glioma
Glioma,AODG,CNS or Brain Cancer-Glioma
Glioma,APXA,CNS or Brain Cancer-Glioma
Glioma,ASTR,CNS or Brain Cancer-Glioma
Glioma,DASTR,CNS or Brain Cancer-Glioma
Glioma,DIFG,CNS or Brain Cancer-Glioma
Glioma,DIPG,CNS or Brain Cancer-Glioma
Glioma,DNT,CNS or Brain Cancer-Glioma
Glioma,ENCG,CNS or Brain Cancer-Glioma
Glioma,EPM,CNS or Brain Cancer-Glioma
Glioma,GB,CNS or Brain Cancer-Glioma
Glioma,GBM,CNS or Brain Cancer-Glioma
Glioma,GNC,CNS or Brain Cancer-Glioma
Glioma,GNG,CNS or Brain Cancer-Glioma
Glioma,GNOS,CNS or Brain Cancer-Glioma
Glioma,GSARC,CNS or Brain Cancer-Glioma
Glioma,HGGNOS,CNS or Brain Cancer-Glioma
Glioma,LGGNOS,CNS or Brain Cancer-Glioma
Glioma,OAST,CNS or Brain Cancer-Glioma
Glioma,ODG,CNS or Brain Cancer-Glioma
Glioma,PAST,CNS or Brain Cancer-Glioma
Glioma,PMA,CNS or Brain Cancer-Glioma
Glioma,PXA,CNS or Brain Cancer-Glioma
Glioma,SCGBM,CNS or Brain Cancer-Glioma
Choroid Plexus Tumor,ACPP,CNS or Brain Cancer-Other
Choroid Plexus Tumor,CPC,CNS or Brain Cancer-Other
Choroid Plexus Tumor,CPP,CNS or Brain Cancer-Other
Choroid Plexus Tumor,CPT,CNS or Brain Cancer-Other
CNS Cancer,ANM,CNS or Brain Cancer-Other
CNS Cancer,APE,CNS or Brain Cancer-Other
CNS Cancer,ATM,CNS or Brain Cancer-Other
CNS Cancer,CCE,CNS or Brain Cancer-Other
CNS Cancer,CCM,CNS or Brain Cancer-Other
CNS Cancer,CHOM,CNS or Brain Cancer-Other
CNS Cancer,EPMT,CNS or Brain Cancer-Other
CNS Cancer,HPCCNS,CNS or Brain Cancer-Other
CNS Cancer,MNG,CNS or Brain Cancer-Other
CNS Cancer,MNGT,CNS or Brain Cancer-Other
CNS Cancer,MPE,CNS or Brain Cancer-Other
CNS Cancer,PPM,CNS or Brain Cancer-Other
CNS Cancer,RHM,CNS or Brain Cancer-Other
CNS Cancer,SFTCNS,CNS or Brain Cancer-Other
CNS Cancer,SUBE,CNS or Brain Cancer-Other
CNS/Brain Cancer,BRAIN,CNS or Brain Cancer-Other
Desmoplastic/Nodular Medulloblastoma,DMBLSHH,CNS or Brain Cancer-Other
Embryonal Tumor,AMBL,CNS or Brain Cancer-Other
Embryonal Tumor,ATRT,CNS or Brain Cancer-Other
Embryonal Tumor,DMBL,CNS or Brain Cancer-Other
Embryonal Tumor,EMBT,CNS or Brain Cancer-Other
Embryonal Tumor,ETANTR,CNS or Brain Cancer-Other
Embryonal Tumor,MBEN,CNS or Brain Cancer-Other
Embryonal Tumor,MBL,CNS or Brain Cancer-Other
Embryonal Tumor,MDEP,CNS or Brain Cancer-Other
Embryonal Tumor,MMB,CNS or Brain Cancer-Other
Embryonal Tumor,ONBL,CNS or Brain Cancer-Other
Embryonal Tumor,PNET,CNS or Brain Cancer-Other
Germ Cell Tumor,BCCA,CNS or Brain Cancer-Other
Germ Cell Tumor,BEC,CNS or Brain Cancer-Other
Germ Cell Tumor,BGCT,CNS or Brain Cancer-Other
Germ Cell Tumor,BIMT,CNS or Brain Cancer-Other
Germ Cell Tumor,BMGCT,CNS or Brain Cancer-Other
Germ Cell Tumor,BMGT,CNS or Brain Cancer-Other
Germ Cell Tumor,BMT,CNS or Brain Cancer-Other
Germ Cell Tumor,BYST,CNS or Brain Cancer-Other
Large Cell/Anaplastic Medulloblastoma,AMBLNWSG3,CNS or Brain Cancer-Other
Large Cell/Anaplastic Medulloblastoma,AMBLSHH,CNS or Brain Cancer-Other
Medulloblastoma,MBLG3,CNS or Brain Cancer-Other
Medulloblastoma,MBLG4,CNS or Brain Cancer-Other
Medulloblastoma,MBLNOS,CNS or Brain Cancer-Other
Medulloblastoma,MBLNWS,CNS or Brain Cancer-Other
Medulloblastoma,MBLSHH,CNS or Brain Cancer-Other
Medulloblastoma,MBLWNT,CNS or Brain Cancer-Other
Melanocytoma,MELC,CNS or Brain Cancer-Other
Miscellaneous Brain Tumor,HGNET,CNS or Brain Cancer-Other
Miscellaneous Brain Tumor,HMBL,CNS or Brain Cancer-Other
Miscellaneous Brain Tumor,LGNET,CNS or Brain Cancer-Other
Miscellaneous Brain Tumor,MBT,CNS or Brain Cancer-Other
Miscellaneous Brain Tumor,MLYM,CNS or Brain Cancer-Other
Miscellaneous Brain Tumor,MT,CNS or Brain Cancer-Other
Miscellaneous Brain Tumor,PBT,CNS or Brain Cancer-Other
Miscellaneous Brain Tumor,PRNET,CNS or Brain Cancer-Other
Miscellaneous Neuroepithelial Tumor,ANGL,CNS or Brain Cancer-Other
Miscellaneous Neuroepithelial Tumor,ASTB,CNS or Brain Cancer-Other
Miscellaneous Neuroepithelial Tumor,CHGL,CNS or Brain Cancer-Other
Miscellaneous Neuroepithelial Tumor,CNC,CNS or Brain Cancer-Other
Miscellaneous Neuroepithelial Tumor,DIG,CNS or Brain Cancer-Other
Miscellaneous Neuroepithelial Tumor,EVN,CNS or Brain Cancer-Other
Miscellaneous Neuroepithelial Tumor,LDD,CNS or Brain Cancer-Other
Miscellaneous Neuroepithelial Tumor,MNET,CNS or Brain Cancer-Other
Miscellaneous Neuroepithelial Tumor,PGNG,CNS or Brain Cancer-Other
Miscellaneous Neuroepithelial Tumor,PGNT,CNS or Brain Cancer-Other
Miscellaneous Neuroepithelial Tumor,RGNT,CNS or Brain Cancer-Other
Pineal Tumor,PBL,CNS or Brain Cancer-Other
Pineal Tumor,PINC,CNS or Brain Cancer-Other
Pineal Tumor,PINT,CNS or Brain Cancer-Other
Pineal Tumor,PPTID,CNS or Brain Cancer-Other
Pineal Tumor,PTPR,CNS or Brain Cancer-Other
Primary CNS Melanocytic Tumors,PCNSMT,CNS or Brain Cancer-Other
Retinoblastoma,RBL,CNS or Brain Cancer-Other
Sellar Tumor,ACPG,CNS or Brain Cancer-Other
Sellar Tumor,APTAD,CNS or Brain Cancer-Other
Sellar Tumor,GCT,CNS or Brain Cancer-Other
Sellar Tumor,PCGP,CNS or Brain Cancer-Other
Sellar Tumor,PTAD,CNS or Brain Cancer-Other
Sellar Tumor,PTCA,CNS or Brain Cancer-Other
Sellar Tumor,PTCY,CNS or Brain Cancer-Other
Sellar Tumor,SCOAH,CNS or Brain Cancer-Other
Sellar Tumor,SELT,CNS or Brain Cancer-Other
Cancer of Unknown Primary,ACN,Cancer of Unknown Primary
Cancer of Unknown Primary,ADNOS,Cancer of Unknown Primary
Cancer of Unknown Primary,CUP,Cancer of Unknown Primary
Cancer of Unknown Primary,CUPNOS,Cancer of Unknown Primary
Cancer of Unknown Primary,MIXED,Cancer of Unknown Primary
Cancer of Unknown Primary,NECNOS,Cancer of Unknown Primary
Cancer of Unknown Primary,NETNOS,Cancer of Unknown Primary
Cancer of Unknown Primary,PDC,Cancer of Unknown Primary
Cancer of Unknown Primary,SCCNOS,Cancer of Unknown Primary
Cancer of Unknown Primary,SCUP,Cancer of Unknown Primary
Cancer of Unknown Primary,UDMN,Cancer of Unknown Primary
Other Cancer,OTHER,Cancer of Unknown Primary
UNKNOWN,UNKNOWN,Cancer of Unknown Primary
Esophageal/Stomach Cancer,STOMACH,Esophagogastric Cancer
Esophagogastric Cancer,DSTAD,Esophagogastric Cancer
Esophagogastric Cancer,EGC,Esophagogastric Cancer
Esophagogastric Cancer,EPDCA,Esophagogastric Cancer
Esophagogastric Cancer,ESCA,Esophagogastric Cancer
Esophagogastric Cancer,ESCC,Esophagogastric Cancer
Esophagogastric Cancer,GEJ,Esophagogastric Cancer
Esophagogastric Cancer,GINETES,Esophagogastric Cancer
Esophagogastric Cancer,GRC,Esophagogastric Cancer
Esophagogastric Cancer,ISTAD,Esophagogastric Cancer
Esophagogastric Cancer,MSTAD,Esophagogastric Cancer
Esophagogastric Cancer,PSTAD,Esophagogastric Cancer
Esophagogastric Cancer,SMN,Esophagogastric Cancer
Esophagogastric Cancer,SPDAC,Esophagogastric Cancer
Esophagogastric Cancer,SSRCC,Esophagogastric Cancer
Esophagogastric Cancer,STAD,Esophagogastric Cancer
Esophagogastric Cancer,STAS,Esophagogastric Cancer
Esophagogastric Cancer,STSC,Esophagogastric Cancer
Esophagogastric Cancer,TSTAD,Esophagogastric Cancer
Esophagogastric Cancer,USTAD,Esophagogastric Cancer
Gastrointestinal Neuroendocrine Tumors of the Esophagus/Stomach,HGNEE,Esophagogastric Cancer
Gastrointestinal Neuroendocrine Tumors of the Esophagus/Stomach,HGNES,Esophagogastric Cancer
Endometrial Cancer,OUTT,Gynecologic Cancer-Endometrial
Endometrial Cancer,UASC,Gynecologic Cancer-Endometrial
Endometrial Cancer,UCCC,Gynecologic Cancer-Endometrial
Endometrial Cancer,UCEC,Gynecologic Cancer-Endometrial
Endometrial Cancer,UCS,Gynecologic Cancer-Endometrial
Endometrial Cancer,UDDC,Gynecologic Cancer-Endometrial
Endometrial Cancer,UEC,Gynecologic Cancer-Endometrial
Endometrial Cancer,UMC,Gynecologic Cancer-Endometrial
Endometrial Cancer,UMEC,Gynecologic Cancer-Endometrial
Endometrial Cancer,UMNC,Gynecologic Cancer-Endometrial
Endometrial Cancer,UNEC,Gynecologic Cancer-Endometrial
Endometrial Cancer,UPDC,Gynecologic Cancer-Endometrial
Endometrial Cancer,USC,Gynecologic Cancer-Endometrial
Endometrial Cancer,UUC,Gynecologic Cancer-Endometrial
Cervical Cancer,CACC,Gynecologic Cancer-Other
Cervical Cancer,CEAD,Gynecologic Cancer-Other
Cervical Cancer,CEAIS,Gynecologic Cancer-Other
Cervical Cancer,CEAS,Gynecologic Cancer-Other
Cervical Cancer,CECC,Gynecologic Cancer-Other
Cervical Cancer,CEEN,Gynecologic Cancer-Other
Cervical Cancer,CEGCC,Gynecologic Cancer-Other
Cervical Cancer,CELI,Gynecologic Cancer-Other
Cervical Cancer,CEMN,Gynecologic Cancer-Other
Cervical Cancer,CEMU,Gynecologic Cancer-Other
Cervical Cancer,CENE,Gynecologic Cancer-Other
Cervical Cancer,CERMS,Gynecologic Cancer-Other
Cervical Cancer,CESC,Gynecologic Cancer-Other
Cervical Cancer,CESE,Gynecologic Cancer-Other
Cervical Cancer,ECAD,Gynecologic Cancer-Other
Cervical Cancer,GCEMU,Gynecologic Cancer-Other
Cervical Cancer,ICEMU,Gynecologic Cancer-Other
Cervical Cancer,MCCE,Gynecologic Cancer-Other
Cervical Cancer,SCCE,Gynecologic Cancer-Other
Cervical Cancer,SCEMU,Gynecologic Cancer-Other
Cervical Cancer,VGCE,Gynecologic Cancer-Other
Germ Cell Tumor,VDYS,Gynecologic Cancer-Other
Germ Cell Tumor,VIMT,Gynecologic Cancer-Other
Germ Cell Tumor,VMGCT,Gynecologic Cancer-Other
Germ Cell Tumor,VMT,Gynecologic Cancer-Other
Germ Cell Tumor,VOEC,Gynecologic Cancer-Other
Germ Cell Tumor,VYST,Gynecologic Cancer-Other
Gestational Trophoblastic Disease,CHM,Gynecologic Cancer-Other
Gestational Trophoblastic Disease,ETT,Gynecologic Cancer-Other
Gestational Trophoblastic Disease,GTD,Gynecologic Cancer-Other
Gestational Trophoblastic Disease,PSTT,Gynecologic Cancer-Other
Gestational Trophoblastic Disease,UCCA,Gynecologic Cancer-Other
Uterine Cancer,UTERUS,Gynecologic Cancer-Other
Uterine Sarcoma,ESS,Gynecologic Cancer-Other
Uterine Sarcoma,HGESS,Gynecologic Cancer-Other
Uterine Sarcoma,LGESS,Gynecologic Cancer-Other
Uterine Sarcoma,OUSARC,Gynecologic Cancer-Other
Uterine Sarcoma,UAS,Gynecologic Cancer-Other
Uterine Sarcoma,UELMS,Gynecologic Cancer-Other
Uterine Sarcoma,ULM,Gynecologic Cancer-Other
Uterine Sarcoma,ULMS,Gynecologic Cancer-Other
Uterine Sarcoma,UMLMS,Gynecologic Cancer-Other
Uterine Sarcoma,UPECOMA,Gynecologic Cancer-Other
Uterine Sarcoma,USARC,Gynecologic Cancer-Other
Uterine Sarcoma,USMT,Gynecologic Cancer-Other
Uterine Sarcoma,USTUMP,Gynecologic Cancer-Other
Uterine Sarcoma,UUS,Gynecologic Cancer-Other
Vaginal Cancer,VA,Gynecologic Cancer-Other
Vaginal Cancer,VPDC,Gynecologic Cancer-Other
Vaginal Cancer,VSC,Gynecologic Cancer-Other
Vulvar Carcinoma,VMA,Gynecologic Cancer-Other
Vulvar/Vaginal Cancer,VULVA,Gynecologic Cancer-Other
Germ Cell Tumor,ODYS,Gynecologic Cancer-Ovarian
Germ Cell Tumor,OEC,Gynecologic Cancer-Ovarian
Germ Cell Tumor,OGCT,Gynecologic Cancer-Ovarian
Germ Cell Tumor,OIMT,Gynecologic Cancer-Ovarian
Germ Cell Tumor,OMGCT,Gynecologic Cancer-Ovarian
Germ Cell Tumor,OMT,Gynecologic Cancer-Ovarian
Germ Cell Tumor,OYST,Gynecologic Cancer-Ovarian
Ovarian Cancer,BTBOV,Gynecologic Cancer-Ovarian
Ovarian Cancer,BTOV,Gynecologic Cancer-Ovarian
Ovarian Cancer,CCBOV,Gynecologic Cancer-Ovarian
Ovarian Cancer,CCOV,Gynecologic Cancer-Ovarian
Ovarian Cancer,EBOV,Gynecologic Cancer-Ovarian
Ovarian Cancer,EOV,Gynecologic Cancer-Ovarian
Ovarian Cancer,HGONEC,Gynecologic Cancer-Ovarian
Ovarian Cancer,HGSFT,Gynecologic Cancer-Ovarian
Ovarian Cancer,HGSOC,Gynecologic Cancer-Ovarian
Ovarian Cancer,LGSOC,Gynecologic Cancer-Ovarian
Ovarian Cancer,MBOV,Gynecologic Cancer-Ovarian
Ovarian Cancer,MOV,Gynecologic Cancer-Ovarian
Ovarian Cancer,MXOV,Gynecologic Cancer-Ovarian
Ovarian Cancer,OCNOS,Gynecologic Cancer-Ovarian
Ovarian Cancer,OCS,Gynecologic Cancer-Ovarian
Ovarian Cancer,OOVC,Gynecologic Cancer-Ovarian
Ovarian Cancer,OSMAD,Gynecologic Cancer-Ovarian
Ovarian Cancer,OSMBT,Gynecologic Cancer-Ovarian
Ovarian Cancer,OSMCA,Gynecologic Cancer-Ovarian
Ovarian Cancer,OVT,Gynecologic Cancer-Ovarian
Ovarian Cancer,SBMOV,Gynecologic Cancer-Ovarian
Ovarian Cancer,SBOV,Gynecologic Cancer-Ovarian
Ovarian Cancer,SCCO,Gynecologic Cancer-Ovarian
Ovarian Cancer,SOC,Gynecologic Cancer-Ovarian
Ovarian/Fallopian Tube Cancer,OVARY,Gynecologic Cancer-Ovarian
Sex Cord Stromal Tumor,FT,Gynecologic Cancer-Ovarian
Sex Cord Stromal Tumor,GRCT,Gynecologic Cancer-Ovarian
Sex Cord Stromal Tumor,OGBL,Gynecologic Cancer-Ovarian
Sex Cord Stromal Tumor,SCST,Gynecologic Cancer-Ovarian
Sex Cord Stromal Tumor,SCT,Gynecologic Cancer-Ovarian
Sex Cord Stromal Tumor,SLCT,Gynecologic Cancer-Ovarian
Head and Neck Cancer,ASCT,Head and Neck Cancer
Head and Neck Cancer,CCOC,Head and Neck Cancer
Head and Neck Cancer,EMYOCA,Head and Neck Cancer
Head and Neck Cancer,HEAD_NECK,Head and Neck Cancer
Head and Neck Cancer,HNNE,Head and Neck Cancer
Head and Neck Cancer,HNSC,Head and Neck Cancer
Head and Neck Cancer,HNSCUP,Head and Neck Cancer
Head and Neck Cancer,HPHSC,Head and Neck Cancer
Head and Neck Cancer,LXSC,Head and Neck Cancer
Head and Neck Cancer,NMCHN,Head and Neck Cancer
Head and Neck Cancer,NPC,Head and Neck Cancer
Head and Neck Cancer,OCSC,Head and Neck Cancer
Head and Neck Cancer,ODGC,Head and Neck Cancer
Head and Neck Cancer,OHNCA,Head and Neck Cancer
Head and Neck Cancer,OPHSC,Head and Neck Cancer
Head and Neck Cancer,SNA,Head and Neck Cancer
Head and Neck Cancer,SNSC,Head and Neck Cancer
Head and Neck Cancer,SNUC,Head and Neck Cancer
Parathyroid Cancer,PTH,Head and Neck Cancer
Parathyroid Cancer,PTHC,Head and Neck Cancer
Salivary Gland Cancer,ACCC,Head and Neck Cancer
Salivary Gland Cancer,ACYC,Head and Neck Cancer
Salivary Gland Cancer,BCAC,Head and Neck Cancer
Salivary Gland Cancer,CAEXPA,Head and Neck Cancer
Salivary Gland Cancer,HNMASC,Head and Neck Cancer
Salivary Gland Cancer,MUCC,Head and Neck Cancer
Salivary Gland Cancer,MYEC,Head and Neck Cancer
Salivary Gland Cancer,OSACA,Head and Neck Cancer
Salivary Gland Cancer,PAC,Head and Neck Cancer
Salivary Gland Cancer,PADA,Head and Neck Cancer
Salivary Gland Cancer,SAAD,Head and Neck Cancer
Salivary Gland Cancer,SACA,Head and Neck Cancer
Salivary Gland Cancer,SDCA,Head and Neck Cancer
B-Lymphoblastic Leukemia/Lymphoma,BLL,Hematologic Cancer-Lymphoid
B-Lymphoblastic Leukemia/Lymphoma,BLLBCRABL1,Hematologic Cancer-Lymphoid
B-Lymphoblastic Leukemia/Lymphoma,BLLBCRABL1L,Hematologic Cancer-Lymphoid
B-Lymphoblastic Leukemia/Lymphoma,BLLETV6RUNX1,Hematologic Cancer-Lymphoid
B-Lymphoblastic Leukemia/Lymphoma,BLLHYPER,Hematologic Cancer-Lymphoid
B-Lymphoblastic Leukemia/Lymphoma,BLLHYPO,Hematologic Cancer-Lymphoid
B-Lymphoblastic Leukemia/Lymphoma,BLLIAMP21,Hematologic Cancer-Lymphoid
B-Lymphoblastic Leukemia/Lymphoma,BLLKMT2A,Hematologic Cancer-Lymphoid
B-Lymphoblastic Leukemia/Lymphoma,BLLNOS,Hematologic Cancer-Lymphoid
B-Lymphoblastic Leukemia/Lymphoma,BLLRGA,Hematologic Cancer-Lymphoid
B-Lymphoblastic Leukemia/Lymphoma,BLLTCF3PBX1,Hematologic Cancer-Lymphoid
Hodgkin Lymphoma,CHL,Hematologic Cancer-Lymphoid
Hodgkin Lymphoma,HL,Hematologic Cancer-Lymphoid
Hodgkin Lymphoma,MCCHL,Hematologic Cancer-Lymphoid
Hodgkin Lymphoma,NLPHL,Hematologic Cancer-Lymphoid
Hodgkin Lymphoma,NSCHL,Hematologic Cancer-Lymphoid
Lymphatic Cancer,LYMPH,Hematologic Cancer-Lymphoid
"Lymphatic Cancer, NOS",LATL,Hematologic Cancer-Lymphoid
"Lymphatic Cancer, NOS",LBGN,Hematologic Cancer-Lymphoid
"Lymphatic Cancer, NOS",LNM,Hematologic Cancer-Lymphoid
Mature B-Cell Neoplasms,ABC,Hematologic Cancer-Lymphoid
Mature B-Cell Neoplasms,ALKLBCL,Hematologic Cancer-Lymphoid
Mature B-Cell Neoplasms,BCLU,Hematologic Cancer-Lymphoid
Mature B-Cell Neoplasms,BL,Hematologic Cancer-Lymphoid
Mature B-Cell Neoplasms,BLL11Q,Hematologic Cancer-Lymphoid
Mature B-Cell Neoplasms,BPLL,Hematologic Cancer-Lymphoid
Mature B-Cell Neoplasms,CLLSLL,Hematologic Cancer-Lymphoid
Mature B-Cell Neoplasms,DFL,Hematologic Cancer-Lymphoid
Mature B-Cell Neoplasms,DLBCLNOS,Hematologic Cancer-Lymphoid
Mature B-Cell Neoplasms,EBVDLBCLNOS,Hematologic Cancer-Lymphoid
Mature B-Cell Neoplasms,EMALT,Hematologic Cancer-Lymphoid
Mature B-Cell Neoplasms,EP,Hematologic Cancer-Lymphoid
Mature B-Cell Neoplasms,FL,Hematologic Cancer-Lymphoid
Mature B-Cell Neoplasms,GCB,Hematologic Cancer-Lymphoid
Mature B-Cell Neoplasms,HCL,Hematologic Cancer-Lymphoid
Mature B-Cell Neoplasms,HCL-V,Hematologic Cancer-Lymphoid
Mature B-Cell Neoplasms,HGBCL,Hematologic Cancer-Lymphoid
Mature B-Cell Neoplasms,HGBCLMYCBCL2,Hematologic Cancer-Lymphoid
Mature B-Cell Neoplasms,IVBCL,Hematologic Cancer-Lymphoid
Mature B-Cell Neoplasms,LPL,Hematologic Cancer-Lymphoid
Mature B-Cell Neoplasms,LYG,Hematologic Cancer-Lymphoid
Mature B-Cell Neoplasms,MBN,Hematologic Cancer-Lymphoid
Mature B-Cell Neoplasms,MCBCL,Hematologic Cancer-Lymphoid
Mature B-Cell Neoplasms,MCL,Hematologic Cancer-Lymphoid
Mature B-Cell Neoplasms,MGUS,Hematologic Cancer-Lymphoid
Mature B-Cell Neoplasms,MGUSIGG,Hematologic Cancer-Lymphoid
Mature B-Cell Neoplasms,MGUSIGM,Hematologic Cancer-Lymphoid
Mature B-Cell Neoplasms,MIDDA,Hematologic Cancer-Lymphoid
Mature B-Cell Neoplasms,MZL,Hematologic Cancer-Lymphoid
Mature B-Cell Neoplasms,NMZL,Hematologic Cancer-Lymphoid
Mature B-Cell Neoplasms,PCFCL,Hematologic Cancer-Lymphoid
Mature B-Cell Neoplasms,PCLBCLLT,Hematologic Cancer-Lymphoid
Mature B-Cell Neoplasms,PCM,Hematologic Cancer-Lymphoid
Mature B-Cell Neoplasms,PCNSL,Hematologic Cancer-Lymphoid
Mature B-Cell Neoplasms,PEL,Hematologic Cancer-Lymphoid
Mature B-Cell Neoplasms,PLBL,Hematologic Cancer-Lymphoid
Mature B-Cell Neoplasms,PMBL,Hematologic Cancer-Lymphoid
Mature B-Cell Neoplasms,SMZL,Hematologic Cancer-Lymphoid
Mature B-Cell Neoplasms,SPB,Hematologic Cancer-Lymphoid
Mature B-Cell Neoplasms,THRLBCL,Hematologic Cancer-Lymphoid
Mature B-Cell Neoplasms,WM,Hematologic Cancer-Lymphoid
Mature T and NK Neoplasms,AITL,Hematologic Cancer-Lymphoid
Mature T and NK Neoplasms,ALCL,Hematologic Cancer-Lymphoid
Mature T and NK Neoplasms,ALCLALKN,Hematologic Cancer-Lymphoid
Mature T and NK Neoplasms,ALCLALKP,Hematologic Cancer-Lymphoid
Mature T and NK Neoplasms,ANKL,Hematologic Cancer-Lymphoid
Mature T and NK Neoplasms,ATLL,Hematologic Cancer-Lymphoid
Mature T and NK Neoplasms,BIALCL,Hematologic Cancer-Lymphoid
Mature T and NK Neoplasms,CLPDNK,Hematologic Cancer-Lymphoid
Mature T and NK Neoplasms,EATL,Hematologic Cancer-Lymphoid
Mature T and NK Neoplasms,ENKL,Hematologic Cancer-Lymphoid
Mature T and NK Neoplasms,FTCL,Hematologic Cancer-Lymphoid
Mature T and NK Neoplasms,HSTCL,Hematologic Cancer-Lymphoid
Mature T and NK Neoplasms,MEITL,Hematologic Cancer-Lymphoid
Mature T and NK Neoplasms,MTNN,Hematologic Cancer-Lymphoid
Mature T and NK Neoplasms,MYCF,Hematologic Cancer-Lymphoid
Mature T and NK Neoplasms,NPTLTFH,Hematologic Cancer-Lymphoid
Mature T and NK Neoplasms,PCAECTCL,Hematologic Cancer-Lymphoid
Mature T and NK Neoplasms,PCGDTCL,Hematologic Cancer-Lymphoid
Mature T and NK Neoplasms,PCLPD,Hematologic Cancer-Lymphoid
Mature T and NK Neoplasms,PCSMTPLD,Hematologic Cancer-Lymphoid
Mature T and NK Neoplasms,PTCL,Hematologic Cancer-Lymphoid
Mature T and NK Neoplasms,SEBVTLC,Hematologic Cancer-Lymphoid
Mature T and NK Neoplasms,SPTCL,Hematologic Cancer-Lymphoid
Mature T and NK Neoplasms,SS,Hematologic Cancer-Lymphoid
Mature T and NK Neoplasms,TLGL,Hematologic Cancer-Lymphoid
Mature T and NK Neoplasms,TPLL,Hematologic Cancer-Lymphoid
Non-Hodgkin Lymphoma,NHL,Hematologic Cancer-Lymphoid
Non-Hodgkin Lymphoma,TLYM,Hematologic Cancer-Lymphoid
Posttransplant Lymphoproliferative Disorders,CHLPTLD,Hematologic Cancer-Lymphoid
Posttransplant Lymphoproliferative Disorders,FHPTLD,Hematologic Cancer-Lymphoid
Posttransplant Lymphoproliferative Disorders,IMPTLD,Hematologic Cancer-Lymphoid
Posttransplant Lymphoproliferative Disorders,MPTLD,Hematologic Cancer-Lymphoid
Posttransplant Lymphoproliferative Disorders,PTLD,Hematologic Cancer-Lymphoid
T-Lymphoblastic Leukemia/Lymphoma,ETPLL,Hematologic Cancer-Lymphoid
T-Lymphoblastic Leukemia/Lymphoma,NKCLL,Hematologic Cancer-Lymphoid
T-Lymphoblastic Leukemia/Lymphoma,TLL,Hematologic Cancer-Lymphoid
Blastic Plasmacytoid Dendritic Cell Neoplasm,BPDCN,Hematologic Cancer-Myeloid
Blood Cancer,MYELOID,Hematologic Cancer-Myeloid
"Blood Cancer, NOS",MATPL,Hematologic Cancer-Myeloid
"Blood Cancer, NOS",MBGN,Hematologic Cancer-Myeloid
"Blood Cancer, NOS",MNM,Hematologic Cancer-Myeloid
Histiocytosis,ECD,Hematologic Cancer-Myeloid
Histiocytosis,FRCT,Hematologic Cancer-Myeloid
Histiocytosis,HDCN,Hematologic Cancer-Myeloid
Histiocytosis,HS,Hematologic Cancer-Myeloid
Histiocytosis,IDCT,Hematologic Cancer-Myeloid
Histiocytosis,JXG,Hematologic Cancer-Myeloid
Histiocytosis,LCH,Hematologic Cancer-Myeloid
Histiocytosis,LCS,Hematologic Cancer-Myeloid
Histiocytosis,RDD,Hematologic Cancer-Myeloid
Leukemia,ALAL,Hematologic Cancer-Myeloid
Leukemia,AM,Hematologic Cancer-Myeloid
Leukemia,AMKL,Hematologic Cancer-Myeloid
Leukemia,AML,Hematologic Cancer-Myeloid
Leukemia,AMLBCRABL1,Hematologic Cancer-Myeloid
Leukemia,AMLCBFBMYH11,Hematologic Cancer-Myeloid
Leukemia,AMLCEBPA,Hematologic Cancer-Myeloid
Leukemia,AMLDEKNUP214,Hematologic Cancer-Myeloid
Leukemia,AMLGATA2MECOM,Hematologic Cancer-Myeloid
Leukemia,AMLMD,Hematologic Cancer-Myeloid
Leukemia,AMLMLLT3KMT2A,Hematologic Cancer-Myeloid
Leukemia,AMLMRC,Hematologic Cancer-Myeloid
Leukemia,AMLNOS,Hematologic Cancer-Myeloid
Leukemia,AMLNPM1,Hematologic Cancer-Myeloid
Leukemia,AMLRARA,Hematologic Cancer-Myeloid
Leukemia,AMLRGA,Hematologic Cancer-Myeloid
Leukemia,AMLRUNX1,Hematologic Cancer-Myeloid
Leukemia,AMLRUNX1RUNX1T1,Hematologic Cancer-Myeloid
Leukemia,AMML,Hematologic Cancer-Myeloid
Leukemia,AMOL,Hematologic Cancer-Myeloid
Leukemia,APLPMLRARA,Hematologic Cancer-Myeloid
Leukemia,APMF,Hematologic Cancer-Myeloid
Leukemia,AUL,Hematologic Cancer-Myeloid
Leukemia,AWM,Hematologic Cancer-Myeloid
Leukemia,MLADS,Hematologic Cancer-Myeloid
Leukemia,MLNER,Hematologic Cancer-Myeloid
Leukemia,MLNFGFR1,Hematologic Cancer-Myeloid
Leukemia,MLNPCM1JAK2,Hematologic Cancer-Myeloid
Leukemia,MLNPDGFRA,Hematologic Cancer-Myeloid
Leukemia,MLNPDGFRB,Hematologic Cancer-Myeloid
Leukemia,MPALBCRABL1,Hematologic Cancer-Myeloid
Leukemia,MPALBNOS,Hematologic Cancer-Myeloid
Leukemia,MPALKMT2A,Hematologic Cancer-Myeloid
Leukemia,MPALTNOS,Hematologic Cancer-Myeloid
Leukemia,MPRDS,Hematologic Cancer-Myeloid
Leukemia,MS,Hematologic Cancer-Myeloid
Leukemia,PERL,Hematologic Cancer-Myeloid
Leukemia,TAM,Hematologic Cancer-Myeloid
Leukemia,TAML,Hematologic Cancer-Myeloid
Leukemia,TMDS,Hematologic Cancer-Myeloid
Leukemia,TMN,Hematologic Cancer-Myeloid
Mastocytosis,ASM,Hematologic Cancer-Myeloid
Mastocytosis,CMCD,Hematologic Cancer-Myeloid
Mastocytosis,ISM,Hematologic Cancer-Myeloid
Mastocytosis,MCD,Hematologic Cancer-Myeloid
Mastocytosis,SM,Hematologic Cancer-Myeloid
Mastocytosis,SMAHN,Hematologic Cancer-Myeloid
Mastocytosis,SMMCL,Hematologic Cancer-Myeloid
Myelodysplastic Syndromes,MDS,Hematologic Cancer-Myeloid
Myelodysplastic Syndromes,MDSEB,Hematologic Cancer-Myeloid
Myelodysplastic Syndromes,MDSEB1,Hematologic Cancer-Myeloid
Myelodysplastic Syndromes,MDSEB2,Hematologic Cancer-Myeloid
Myelodysplastic Syndromes,MDSID5Q,Hematologic Cancer-Myeloid
Myelodysplastic Syndromes,MDSMD,Hematologic Cancer-Myeloid
Myelodysplastic Syndromes,MDSRS,Hematologic Cancer-Myeloid
Myelodysplastic Syndromes,MDSRSMD,Hematologic Cancer-Myeloid
Myelodysplastic Syndromes,MDSRSSLD,Hematologic Cancer-Myeloid
Myelodysplastic Syndromes,MDSSLD,Hematologic Cancer-Myeloid
Myelodysplastic Syndromes,MDSU,Hematologic Cancer-Myeloid
Myelodysplastic/Myeloproliferative Neoplasms,ACML,Hematologic Cancer-Myeloid
Myelodysplastic/Myeloproliferative Neoplasms,CMML,Hematologic Cancer-Myeloid
Myelodysplastic/Myeloproliferative Neoplasms,CMML0,Hematologic Cancer-Myeloid
Myelodysplastic/Myeloproliferative Neoplasms,CMML1,Hematologic Cancer-Myeloid
Myelodysplastic/Myeloproliferative Neoplasms,CMML2,Hematologic Cancer-Myeloid
Myelodysplastic/Myeloproliferative Neoplasms,JMML,Hematologic Cancer-Myeloid
Myelodysplastic/Myeloproliferative Neoplasms,MDS/MPN,Hematologic Cancer-Myeloid
Myelodysplastic/Myeloproliferative Neoplasms,MDSMPNRST,Hematologic Cancer-Myeloid
Myelodysplastic/Myeloproliferative Neoplasms,MDSMPNU,Hematologic Cancer-Myeloid
Myeloid Neoplasms with Germ Line Predisposition,MNGLP,Hematologic Cancer-Myeloid
Myeloproliferative Neoplasms,CELNOS,Hematologic Cancer-Myeloid
Myeloproliferative Neoplasms,CML,Hematologic Cancer-Myeloid
Myeloproliferative Neoplasms,CMLBCRABL1,Hematologic Cancer-Myeloid
Myeloproliferative Neoplasms,CNL,Hematologic Cancer-Myeloid
Myeloproliferative Neoplasms,ET,Hematologic Cancer-Myeloid
Myeloproliferative Neoplasms,ETMF,Hematologic Cancer-Myeloid
Myeloproliferative Neoplasms,MPN,Hematologic Cancer-Myeloid
Myeloproliferative Neoplasms,MPNU,Hematologic Cancer-Myeloid
Myeloproliferative Neoplasms,PMF,Hematologic Cancer-Myeloid
Myeloproliferative Neoplasms,PMFOFS,Hematologic Cancer-Myeloid
Myeloproliferative Neoplasms,PMFPES,Hematologic Cancer-Myeloid
Myeloproliferative Neoplasms,PV,Hematologic Cancer-Myeloid
Myeloproliferative Neoplasms,PVMF,Hematologic Cancer-Myeloid
Hepatobiliary Cancer,CHOL,Hepatobiliary Cancer
Hepatobiliary Cancer,EHCH,Hepatobiliary Cancer
Hepatobiliary Cancer,FLC,Hepatobiliary Cancer
Hepatobiliary Cancer,GBAD,Hepatobiliary Cancer
Hepatobiliary Cancer,GBASC,Hepatobiliary Cancer
Hepatobiliary Cancer,GBC,Hepatobiliary Cancer
Hepatobiliary Cancer,HCC,Hepatobiliary Cancer
Hepatobiliary Cancer,HCCIHCH,Hepatobiliary Cancer
Hepatobiliary Cancer,ICPN,Hepatobiliary Cancer
Hepatobiliary Cancer,IHCH,Hepatobiliary Cancer
Hepatobiliary Cancer,IPN,Hepatobiliary Cancer
Hepatobiliary Cancer,LIAD,Hepatobiliary Cancer
Hepatobiliary Cancer,LIAS,Hepatobiliary Cancer
Hepatobiliary Cancer,LIHB,Hepatobiliary Cancer
Hepatobiliary Cancer,LIMNET,Hepatobiliary Cancer
Hepatobiliary Cancer,PHCH,Hepatobiliary Cancer
Hepatobiliary Cancer,SCGBC,Hepatobiliary Cancer
Liver Cancer,LIVER,Hepatobiliary Cancer
Malignant Rhabdoid Tumor of the Liver,MRTL,Hepatobiliary Cancer
Undifferentiated Embryonal Sarcoma of the Liver,UESL,Hepatobiliary Cancer
Clear Cell Sarcoma of Kidney,CCSK,Kidney Cancer
Kidney Cancer,KIDNEY,Kidney Cancer
Renal Cell Carcinoma,CCPRC,Kidney Cancer
Renal Cell Carcinoma,CCRCC,Kidney Cancer
Renal Cell Carcinoma,CDRCC,Kidney Cancer
Renal Cell Carcinoma,CHRCC,Kidney Cancer
Renal Cell Carcinoma,FHRCC,Kidney Cancer
Renal Cell Carcinoma,MRC,Kidney Cancer
Renal Cell Carcinoma,MTSCC,Kidney Cancer
Renal Cell Carcinoma,NCCRCC,Kidney Cancer
Renal Cell Carcinoma,PRCC,Kidney Cancer
Renal Cell Carcinoma,RAML,Kidney Cancer
Renal Cell Carcinoma,RCC,Kidney Cancer
Renal Cell Carcinoma,ROCY,Kidney Cancer
Renal Cell Carcinoma,RSCC,Kidney Cancer
Renal Cell Carcinoma,SCCRCC,Kidney Cancer
Renal Cell Carcinoma,SRCC,Kidney Cancer
Renal Cell Carcinoma,TRCC,Kidney Cancer
Renal Cell Carcinoma,URCC,Kidney Cancer
Renal Neuroendocrine Tumor,RNET,Kidney Cancer
Rhabdoid Cancer,MRT,Kidney Cancer
Wilms Tumor,WT,Kidney Cancer
Lung Cancer,LUNG,Lung Cancer
Non-Small Cell Lung Cancer,ALUCA,Lung Cancer
Non-Small Cell Lung Cancer,BLCLC,Lung Cancer
Non-Small Cell Lung Cancer,CCLC,Lung Cancer
Non-Small Cell Lung Cancer,CMPT,Lung Cancer
Non-Small Cell Lung Cancer,GCLC,Lung Cancer
Non-Small Cell Lung Cancer,IMTL,Lung Cancer
Non-Small Cell Lung Cancer,LAIS,Lung Cancer
Non-Small Cell Lung Cancer,LAM,Lung Cancer
Non-Small Cell Lung Cancer,LCLC,Lung Cancer
Non-Small Cell Lung Cancer,LECLC,Lung Cancer
Non-Small Cell Lung Cancer,LNET,Lung Cancer
Non-Small Cell Lung Cancer,LUACC,Lung Cancer
Non-Small Cell Lung Cancer,LUAD,Lung Cancer
Non-Small Cell Lung Cancer,LUAS,Lung Cancer
Non-Small Cell Lung Cancer,LUCA,Lung Cancer
Non-Small Cell Lung Cancer,LUMEC,Lung Cancer
Non-Small Cell Lung Cancer,LUNE,Lung Cancer
Non-Small Cell Lung Cancer,LUPC,Lung Cancer
Non-Small Cell Lung Cancer,LUSC,Lung Cancer
Non-Small Cell Lung Cancer,NSCLC,Lung Cancer
Non-Small Cell Lung Cancer,NSCLCPD,Lung Cancer
Non-Small Cell Lung Cancer,NUTCL,Lung Cancer
Non-Small Cell Lung Cancer,PPB,Lung Cancer
Non-Small Cell Lung Cancer,SARCL,Lung Cancer
Non-Small Cell Lung Cancer,SGTTL,Lung Cancer
Non-Small Cell Lung Cancer,SPCC,Lung Cancer
Small Cell Lung Cancer,CSCLC,Lung Cancer
Small Cell Lung Cancer,SCLC,Lung Cancer
Pancreatic Cancer,IOPN,Pancreatic Cancer
Pancreatic Cancer,IPMN,Pancreatic Cancer
Pancreatic Cancer,ITPN,Pancreatic Cancer
Pancreatic Cancer,MCN,Pancreatic Cancer
Pancreatic Cancer,OSGCT,Pancreatic Cancer
Pancreatic Cancer,PAAC,Pancreatic Cancer
Pancreatic Cancer,PAAD,Pancreatic Cancer
Pancreatic Cancer,PAASC,Pancreatic Cancer
Pancreatic Cancer,PACT,Pancreatic Cancer
Pancreatic Cancer,PANCREAS,Pancreatic Cancer
Pancreatic Cancer,PANEC,Pancreatic Cancer
Pancreatic Cancer,PANET,Pancreatic Cancer
Pancreatic Cancer,PB,Pancreatic Cancer
Pancreatic Cancer,PSC,Pancreatic Cancer
Pancreatic Cancer,SPN,Pancreatic Cancer
Pancreatic Cancer,UCP,Pancreatic Cancer
Prostate Cancer,BCCP,Prostate Cancer
Prostate Cancer,PRAD,Prostate Cancer
Prostate Cancer,PRNE,Prostate Cancer
Prostate Cancer,PROSTATE,Prostate Cancer
Prostate Cancer,PRSC,Prostate Cancer
Prostate Cancer,PRSCC,Prostate Cancer
Adenocarcinoma In Situ,AIS,Rare Cancer
Adrenal Gland Cancer,ADRENAL_GLAND,Rare Cancer
Adrenocortical Adenoma,ACA,Rare Cancer
Adrenocortical Carcinoma,ACC,Rare Cancer
Ampullary Cancer,AMPCA,Rare Cancer
Ampullary Cancer,IAMPCA,Rare Cancer
Ampullary Cancer,MAMPCA,Rare Cancer
Ampullary Cancer,PAMPCA,Rare Cancer
Biliary Tract Cancer,BILIARY_TRACT,Rare Cancer
Bone Cancer,ADMA,Rare Cancer
Bone Cancer,BONE,Rare Cancer
Bone Cancer,CCHDM,Rare Cancer
Bone Cancer,CHBL,Rare Cancer
Bone Cancer,CHDM,Rare Cancer
Bone Cancer,CHOS,Rare Cancer
Bone Cancer,CHS,Rare Cancer
Bone Cancer,DDCHDM,Rare Cancer
Bone Cancer,DDCHS,Rare Cancer
Bone Cancer,EMCHS,Rare Cancer
Bone Cancer,ES,Rare Cancer
Bone Cancer,FIOS,Rare Cancer
Bone Cancer,GCTB,Rare Cancer
Bone Cancer,HGSOS,Rare Cancer
Bone Cancer,LGCOS,Rare Cancer
Bone Cancer,MCHS,Rare Cancer
Bone Cancer,MYCHS,Rare Cancer
Bone Cancer,OS,Rare Cancer
Bone Cancer,OSOS,Rare Cancer
Bone Cancer,PAOS,Rare Cancer
Bone Cancer,PEOS,Rare Cancer
Bone Cancer,SCOS,Rare Cancer
Bone Cancer,SECOS,Rare Cancer
Bone Cancer,TEOS,Rare Cancer
Eye Cancer,EYE,Rare Cancer
Germ Cell Tumor,EGCT,Rare Cancer
Germ Cell Tumor,EMBCA,Rare Cancer
Germ Cell Tumor,GCTSTM,Rare Cancer
Germ Cell Tumor,GMN,Rare Cancer
Germ Cell Tumor,MGCT,Rare Cancer
Germ Cell Tumor,NSGCT,Rare Cancer
Germ Cell Tumor,SEM,Rare Cancer
Germ Cell Tumor,TCCA,Rare Cancer
Germ Cell Tumor,TT,Rare Cancer
Germ Cell Tumor,TYST,Rare Cancer
Lacrimal Gland Tumor,ACLG,Rare Cancer
Lacrimal Gland Tumor,LGT,Rare Cancer
Mesothelioma,PEMESO,Rare Cancer
Mesothelioma,PLBMESO,Rare Cancer
Mesothelioma,PLEMESO,Rare Cancer
Mesothelioma,PLMESO,Rare Cancer
Mesothelioma,PLSMESO,Rare Cancer
Mesothelioma,TMESO,Rare Cancer
Nerve Sheath Tumor,CSCHW,Rare Cancer
Nerve Sheath Tumor,MPNST,Rare Cancer
Nerve Sheath Tumor,MSCHW,Rare Cancer
Nerve Sheath Tumor,NFIB,Rare Cancer
Nerve Sheath Tumor,NST,Rare Cancer
Nerve Sheath Tumor,SCHW,Rare Cancer
Penile Cancer,BPSCC,Rare Cancer
Penile Cancer,PSCC,Rare Cancer
Peripheral Nervous System,GN,Rare Cancer
Peripheral Nervous System,GNBL,Rare Cancer
Peripheral Nervous System,NBL,Rare Cancer
Peripheral Nervous System Cancer,PNS,Rare Cancer
Peritoneal Cancer,PERITONEUM,Rare Cancer
"Peritoneal Cancer, NOS",PSEC,Rare Cancer
Pheochromocytoma,PHC,Rare Cancer
Sex Cord Stromal Tumor,TSCST,Rare Cancer
Testicular Cancer,TESTIS,Rare Cancer
Thymic Tumor,TET,Rare Cancer
Thymic Tumor,THYC,Rare Cancer
Thymic Tumor,THYM,Rare Cancer
Thymic Tumor,TNET,Rare Cancer
Melanoma,ACRM,Skin Cancer or Melanoma
Melanoma,ARMM,Skin Cancer or Melanoma
Melanoma,CM,Skin Cancer or Melanoma
Melanoma,DESM,Skin Cancer or Melanoma
Melanoma,ESMM,Skin Cancer or Melanoma
Melanoma,HNMUCM,Skin Cancer or Melanoma
Melanoma,MEL,Skin Cancer or Melanoma
Melanoma,MUP,Skin Cancer or Melanoma
Melanoma,OM,Skin Cancer or Melanoma
Melanoma,PCNSM,Skin Cancer or Melanoma
Melanoma,SKCM,Skin Cancer or Melanoma
Melanoma,SKCN,Skin Cancer or Melanoma
Melanoma,SKLMM,Skin Cancer or Melanoma
Melanoma,SPZM,Skin Cancer or Melanoma
Melanoma,UM,Skin Cancer or Melanoma
Melanoma,URMM,Skin Cancer or Melanoma
Melanoma,VMM,Skin Cancer or Melanoma
Skin Cancer,SKIN,Skin Cancer or Melanoma
"Skin Cancer, Non-Melanoma",ADPA,Skin Cancer or Melanoma
"Skin Cancer, Non-Melanoma",AECA,Skin Cancer or Melanoma
"Skin Cancer, Non-Melanoma",AFX,Skin Cancer or Melanoma
"Skin Cancer, Non-Melanoma",AN,Skin Cancer or Melanoma
"Skin Cancer, Non-Melanoma",BCC,Skin Cancer or Melanoma
"Skin Cancer, Non-Melanoma",CSCC,Skin Cancer or Melanoma
"Skin Cancer, Non-Melanoma",DF,Skin Cancer or Melanoma
"Skin Cancer, Non-Melanoma",DFSP,Skin Cancer or Melanoma
"Skin Cancer, Non-Melanoma",DTE,Skin Cancer or Melanoma
"Skin Cancer, Non-Melanoma",EMPD,Skin Cancer or Melanoma
"Skin Cancer, Non-Melanoma",EMPSGC,Skin Cancer or Melanoma
"Skin Cancer, Non-Melanoma",MAC,Skin Cancer or Melanoma
"Skin Cancer, Non-Melanoma",MCC,Skin Cancer or Melanoma
"Skin Cancer, Non-Melanoma",POCA,Skin Cancer or Melanoma
"Skin Cancer, Non-Melanoma",PPCT,Skin Cancer or Melanoma
"Skin Cancer, Non-Melanoma",SEBA,Skin Cancer or Melanoma
"Skin Cancer, Non-Melanoma",SGAD,Skin Cancer or Melanoma
"Skin Cancer, Non-Melanoma",SKAC,Skin Cancer or Melanoma
"Skin Cancer, Non-Melanoma",SPIR,Skin Cancer or Melanoma
Angiomatoid Fibrous Histiocytoma,AFH,Soft Tissue Cancer
Gastrointestinal Stromal Tumor,GIST,Soft Tissue Cancer
Infantile Fibrosarcoma,IFS,Soft Tissue Cancer
Malignant Glomus Tumor,MGST,Soft Tissue Cancer
Myofibromatosis,IMS,Soft Tissue Cancer
Soft Tissue Cancer,LM,Soft Tissue Cancer
Soft Tissue Cancer,SOFT_TISSUE,Soft Tissue Cancer
Soft Tissue Sarcoma,ALT,Soft Tissue Cancer
Soft Tissue Sarcoma,ANGS,Soft Tissue Cancer
Soft Tissue Sarcoma,ARMS,Soft Tissue Cancer
Soft Tissue Sarcoma,ASPS,Soft Tissue Cancer
Soft Tissue Sarcoma,CCS,Soft Tissue Cancer
Soft Tissue Sarcoma,DCS,Soft Tissue Cancer
Soft Tissue Sarcoma,DDLS,Soft Tissue Cancer
Soft Tissue Sarcoma,DES,Soft Tissue Cancer
Soft Tissue Sarcoma,DSRCT,Soft Tissue Cancer
Soft Tissue Sarcoma,EHAE,Soft Tissue Cancer
Soft Tissue Sarcoma,EPIS,Soft Tissue Cancer
Soft Tissue Sarcoma,ERMS,Soft Tissue Cancer
Soft Tissue Sarcoma,ESST,Soft Tissue Cancer
Soft Tissue Sarcoma,FDCS,Soft Tissue Cancer
Soft Tissue Sarcoma,FIBS,Soft Tissue Cancer
Soft Tissue Sarcoma,GS,Soft Tissue Cancer
Soft Tissue Sarcoma,HDCS,Soft Tissue Cancer
Soft Tissue Sarcoma,HEMA,Soft Tissue Cancer
Soft Tissue Sarcoma,IDCS,Soft Tissue Cancer
Soft Tissue Sarcoma,IMT,Soft Tissue Cancer
Soft Tissue Sarcoma,INTS,Soft Tissue Cancer
Soft Tissue Sarcoma,LGFMS,Soft Tissue Cancer
Soft Tissue Sarcoma,LIPO,Soft Tissue Cancer
Soft Tissue Sarcoma,LMS,Soft Tissue Cancer
Soft Tissue Sarcoma,MF,Soft Tissue Cancer
Soft Tissue Sarcoma,MFH,Soft Tissue Cancer
Soft Tissue Sarcoma,MFS,Soft Tissue Cancer
Soft Tissue Sarcoma,MPC,Soft Tissue Cancer
Soft Tissue Sarcoma,MRLS,Soft Tissue Cancer
Soft Tissue Sarcoma,MYXO,Soft Tissue Cancer
Soft Tissue Sarcoma,OFMT,Soft Tissue Cancer
Soft Tissue Sarcoma,PECOMA,Soft Tissue Cancer
Soft Tissue Sarcoma,PLLS,Soft Tissue Cancer
Soft Tissue Sarcoma,PLRMS,Soft Tissue Cancer
Soft Tissue Sarcoma,PMHE,Soft Tissue Cancer
Soft Tissue Sarcoma,PTES,Soft Tissue Cancer
Soft Tissue Sarcoma,RAS,Soft Tissue Cancer
Soft Tissue Sarcoma,RCSNOS,Soft Tissue Cancer
Soft Tissue Sarcoma,RMS,Soft Tissue Cancer
Soft Tissue Sarcoma,SARCNOS,Soft Tissue Cancer
Soft Tissue Sarcoma,SCRMS,Soft Tissue Cancer
Soft Tissue Sarcoma,SCSRMS,Soft Tissue Cancer
Soft Tissue Sarcoma,SEF,Soft Tissue Cancer
Soft Tissue Sarcoma,SFT,Soft Tissue Cancer
Soft Tissue Sarcoma,STMYEC,Soft Tissue Cancer
Soft Tissue Sarcoma,SYNS,Soft Tissue Cancer
Soft Tissue Sarcoma,TGCT,Soft Tissue Cancer
Soft Tissue Sarcoma,WDLS,Soft Tissue Cancer
Thyroid Cancer,HTAT,Thyroid Cancer
Thyroid Cancer,OAT,Thyroid Cancer
Thyroid Cancer,THAP,Thyroid Cancer
Thyroid Cancer,THFO,Thyroid Cancer
Thyroid Cancer,THHC,Thyroid Cancer
Thyroid Cancer,THME,Thyroid Cancer
Thyroid Cancer,THPA,Thyroid Cancer
Thyroid Cancer,THPD,Thyroid Cancer
Thyroid Cancer,THYROID,Thyroid Cancer
Thyroid Cancer,WDTC,Thyroid Cancer